{"valid/logits": {"_type": "histogram", "values": [2, 1, 0, 4, 4, 2, 11, 19, 13, 15, 17, 25, 30, 39, 39, 42, 51, 51, 64, 78, 81, 79, 112, 116, 142, 158, 181, 216, 287, 264, 287, 301, 371, 287, 309, 298, 280, 241, 241, 251, 198, 163, 148, 125, 109, 90, 100, 98, 85, 83, 81, 79, 63, 64, 68, 66, 59, 66, 43, 39, 12, 5, 3, 2], "bins": [-16.984375, -16.578125, -16.171875, -15.7578125, -15.3515625, -14.9453125, -14.53125, -14.125, -13.71875, -13.3125, -12.8984375, -12.4921875, -12.0859375, -11.6796875, -11.265625, -10.859375, -10.453125, -10.0390625, -9.6328125, -9.2265625, -8.8203125, -8.40625, -8.0, -7.59375, -7.18359375, -6.77734375, -6.3671875, -5.9609375, -5.55078125, -5.14453125, -4.734375, -4.328125, -3.91796875, -3.509765625, -3.1015625, -2.693359375, -2.28515625, -1.8759765625, -1.4677734375, -1.0595703125, -0.6513671875, -0.2430419921875, 0.165283203125, 0.57373046875, 0.98193359375, 1.390625, 1.798828125, 2.20703125, 2.615234375, 3.0234375, 3.431640625, 3.83984375, 4.25, 4.65625, 5.06640625, 5.47265625, 5.8828125, 6.2890625, 6.69921875, 7.10546875, 7.515625, 7.921875, 8.328125, 8.7421875, 9.1484375]}, "epoch": 249, "_runtime": 739, "_timestamp": 1645137831, "_step": 800, "train_loss": 0.14527733623981476, "train_accuracy": 0.925000011920929, "trainer/global_step": 11999, "val_loss": 0.9736527800559998, "val_accuracy": 0.7506561875343323, "_wandb": {"runtime": 739}}