{"valid/logits": {"_type": "histogram", "values": [1, 0, 0, 0, 0, 1, 0, 1, 3, 0, 0, 2, 4, 1, 2, 4, 7, 11, 12, 13, 30, 25, 26, 36, 46, 41, 47, 44, 65, 77, 128, 117, 143, 178, 188, 202, 212, 268, 287, 355, 402, 456, 467, 451, 400, 403, 338, 279, 205, 166, 154, 125, 93, 90, 69, 70, 50, 28, 15, 6, 6, 3, 4, 1], "bins": [-24.078125, -23.5625, -23.046875, -22.53125, -22.015625, -21.5, -20.984375, -20.453125, -19.9375, -19.421875, -18.90625, -18.390625, -17.875, -17.359375, -16.84375, -16.328125, -15.8125, -15.2890625, -14.7734375, -14.2578125, -13.7421875, -13.2265625, -12.7109375, -12.1875, -11.671875, -11.15625, -10.640625, -10.125, -9.609375, -9.0859375, -8.5703125, -8.0546875, -7.5390625, -7.0234375, -6.50390625, -5.98828125, -5.47265625, -4.953125, -4.4375, -3.921875, -3.404296875, -2.88671875, -2.37109375, -1.853515625, -1.3369140625, -0.8203125, -0.30322265625, 0.213623046875, 0.73046875, 1.2470703125, 1.763671875, 2.28125, 2.796875, 3.314453125, 3.83203125, 4.34765625, 4.8671875, 5.3828125, 5.8984375, 6.4140625, 6.93359375, 7.44921875, 7.96484375, 8.484375, 9.0]}, "epoch": 249, "_runtime": 663, "_timestamp": 1645149532, "_step": 800, "train_loss": 0.3931127190589905, "train_accuracy": 0.8500000238418579, "trainer/global_step": 11999, "val_loss": 1.1329017877578735, "val_accuracy": 0.6364829540252686, "_wandb": {"runtime": 664}}