{"valid/logits": {"_type": "histogram", "values": [762, 0, 0, 0, 0, 0, 0, 0, 0, 0, 0, 0, 0, 0, 0, 0, 0, 0, 0, 0, 0, 0, 0, 0, 0, 0, 0, 0, 0, 0, 0, 0, 0, 0, 762, 0, 0, 0, 0, 0, 0, 0, 0, 0, 0, 0, 0, 762, 762, 762, 0, 0, 0, 0, 0, 0, 0, 0, 1524, 0, 762, 0, 0, 762], "bins": [-3.193359375, -3.134765625, -3.07421875, -3.015625, -2.95703125, -2.896484375, -2.837890625, -2.779296875, -2.71875, -2.66015625, -2.599609375, -2.541015625, -2.482421875, -2.421875, -2.36328125, -2.3046875, -2.244140625, -2.185546875, -2.126953125, -2.06640625, -2.0078125, -1.9482421875, -1.8896484375, -1.830078125, -1.7705078125, -1.7109375, -1.65234375, -1.5927734375, -1.533203125, -1.474609375, -1.4150390625, -1.35546875, -1.296875, -1.2373046875, -1.177734375, -1.1181640625, -1.0595703125, -1.0, -0.94091796875, -0.88134765625, -0.822265625, -0.7626953125, -0.70361328125, -0.64453125, -0.5849609375, -0.52587890625, -0.466552734375, -0.4072265625, -0.347900390625, -0.28857421875, -0.2293701171875, -0.1700439453125, -0.11077880859375, -0.051513671875, 0.007781982421875, 0.06707763671875, 0.1263427734375, 0.1856689453125, 0.244873046875, 0.30419921875, 0.363525390625, 0.4228515625, 0.48193359375, 0.54150390625, 0.6005859375]}, "epoch": 249, "_runtime": 874, "_timestamp": 1645138780, "_step": 800, "train_loss": 2.0064454078674316, "train_accuracy": 0.2750000059604645, "trainer/global_step": 11999, "val_loss": 2.0338542461395264, "val_accuracy": 0.18503937125205994, "_wandb": {"runtime": 875}}