{"valid/logits": {"_type": "histogram", "values": [2, 0, 4, 4, 7, 5, 5, 7, 12, 14, 16, 22, 20, 30, 30, 66, 58, 70, 71, 92, 99, 100, 123, 138, 164, 215, 230, 260, 295, 292, 285, 338, 336, 320, 348, 318, 316, 279, 263, 208, 172, 138, 102, 109, 91, 76, 81, 63, 69, 59, 72, 73, 69, 70, 38, 33, 21, 16, 23, 12, 7, 1, 0, 1], "bins": [-22.546875, -21.984375, -21.40625, -20.84375, -20.28125, -19.703125, -19.140625, -18.5625, -18.0, -17.4375, -16.859375, -16.296875, -15.7265625, -15.15625, -14.59375, -14.0234375, -13.453125, -12.8828125, -12.3125, -11.75, -11.1796875, -10.609375, -10.046875, -9.4765625, -8.90625, -8.3359375, -7.76953125, -7.203125, -6.6328125, -6.0625, -5.49609375, -4.9296875, -4.359375, -3.791015625, -3.22265625, -2.654296875, -2.0859375, -1.517578125, -0.94921875, -0.380859375, 0.1875, 0.755859375, 1.32421875, 1.892578125, 2.4609375, 3.029296875, 3.59765625, 4.1640625, 4.734375, 5.3046875, 5.87109375, 6.4375, 7.0078125, 7.578125, 8.140625, 8.7109375, 9.28125, 9.8515625, 10.421875, 10.984375, 11.5546875, 12.125, 12.6875, 13.2578125, 13.828125]}, "epoch": 249, "_runtime": 650, "_timestamp": 1645148430, "_step": 800, "train_loss": 0.024807676672935486, "train_accuracy": 1.0, "trainer/global_step": 11999, "val_loss": 0.9447852969169617, "val_accuracy": 0.7755905389785767, "_wandb": {"runtime": 651}}