{"valid/logits": {"_type": "histogram", "values": [2, 1, 5, 24, 42, 61, 72, 80, 86, 85, 116, 87, 89, 79, 81, 76, 115, 137, 142, 190, 183, 183, 213, 212, 180, 207, 237, 237, 254, 244, 245, 217, 244, 200, 192, 189, 175, 169, 163, 139, 100, 104, 98, 66, 77, 46, 65, 62, 56, 70, 69, 73, 60, 52, 54, 62, 38, 14, 12, 5, 4, 8, 3, 7], "bins": [-9.453125, -9.1484375, -8.8359375, -8.53125, -8.2265625, -7.91796875, -7.61328125, -7.3046875, -7.0, -6.69140625, -6.38671875, -6.078125, -5.7734375, -5.46484375, -5.16015625, -4.8515625, -4.546875, -4.23828125, -3.931640625, -3.625, -3.318359375, -3.01171875, -2.705078125, -2.3984375, -2.08984375, -1.7841796875, -1.4775390625, -1.1708984375, -0.86376953125, -0.55712890625, -0.250244140625, 0.0565185546875, 0.36328125, 0.669921875, 0.9765625, 1.283203125, 1.58984375, 1.8974609375, 2.203125, 2.509765625, 2.81640625, 3.125, 3.431640625, 3.73828125, 4.04296875, 4.3515625, 4.65625, 4.96484375, 5.2734375, 5.578125, 5.88671875, 6.19140625, 6.5, 6.8046875, 7.11328125, 7.41796875, 7.7265625, 8.03125, 8.3359375, 8.6484375, 8.953125, 9.2578125, 9.5625, 9.875, 10.1796875]}, "epoch": 249, "_runtime": 1035, "_timestamp": 1645213684, "_step": 800, "train_loss": 0.24269035458564758, "train_accuracy": 0.8999999761581421, "trainer/global_step": 11999, "val_loss": 0.7052323222160339, "val_accuracy": 0.7808399200439453, "_wandb": {"runtime": 1036}}