{"valid/logits": {"_type": "histogram", "values": [762, 0, 0, 0, 0, 0, 0, 0, 0, 0, 0, 0, 0, 0, 0, 0, 0, 0, 0, 0, 0, 0, 0, 0, 0, 0, 0, 0, 0, 0, 0, 0, 0, 0, 0, 0, 0, 0, 762, 0, 0, 0, 0, 0, 0, 0, 762, 0, 762, 0, 762, 0, 0, 0, 0, 0, 0, 0, 0, 1524, 0, 0, 0, 1524], "bins": [-3.109375, -3.052734375, -2.99609375, -2.939453125, -2.8828125, -2.826171875, -2.76953125, -2.712890625, -2.65625, -2.6015625, -2.544921875, -2.48828125, -2.431640625, -2.375, -2.318359375, -2.26171875, -2.205078125, -2.1484375, -2.091796875, -2.03515625, -1.978515625, -1.921875, -1.8662109375, -1.8095703125, -1.7529296875, -1.6962890625, -1.6396484375, -1.5830078125, -1.5263671875, -1.4697265625, -1.4140625, -1.357421875, -1.30078125, -1.244140625, -1.1875, -1.130859375, -1.07421875, -1.017578125, -0.96142578125, -0.90478515625, -0.84814453125, -0.7919921875, -0.7353515625, -0.6787109375, -0.6220703125, -0.56591796875, -0.50927734375, -0.45263671875, -0.39599609375, -0.339599609375, -0.282958984375, -0.2265625, -0.1700439453125, -0.11346435546875, -0.05694580078125, -0.00043487548828125, 0.05609130859375, 0.11260986328125, 0.169189453125, 0.2257080078125, 0.2822265625, 0.338623046875, 0.395263671875, 0.45166015625, 0.50830078125]}, "epoch": 249, "_runtime": 869, "_timestamp": 1645139659, "_step": 800, "train_loss": 2.0044188499450684, "train_accuracy": 0.22499999403953552, "trainer/global_step": 11999, "val_loss": 2.023632287979126, "val_accuracy": 0.2257217913866043, "_wandb": {"runtime": 869}}