{"valid/logits": {"_type": "histogram", "values": [762, 0, 0, 0, 0, 0, 0, 0, 0, 0, 0, 0, 0, 0, 0, 0, 0, 0, 0, 0, 0, 0, 0, 0, 0, 0, 0, 0, 0, 0, 0, 0, 0, 0, 0, 0, 0, 0, 0, 762, 0, 0, 0, 0, 0, 0, 762, 762, 0, 762, 0, 0, 0, 0, 0, 0, 0, 0, 0, 1524, 0, 0, 0, 1524], "bins": [-3.12890625, -3.072265625, -3.015625, -2.9609375, -2.904296875, -2.84765625, -2.791015625, -2.734375, -2.6796875, -2.623046875, -2.56640625, -2.509765625, -2.453125, -2.396484375, -2.341796875, -2.28515625, -2.228515625, -2.171875, -2.115234375, -2.060546875, -2.00390625, -1.947265625, -1.890625, -1.8349609375, -1.7783203125, -1.72265625, -1.666015625, -1.609375, -1.5537109375, -1.4970703125, -1.4404296875, -1.384765625, -1.328125, -1.2724609375, -1.2158203125, -1.1591796875, -1.103515625, -1.046875, -0.99072265625, -0.9345703125, -0.87841796875, -0.82177734375, -0.765625, -0.70947265625, -0.6533203125, -0.5966796875, -0.54052734375, -0.484375, -0.42822265625, -0.371826171875, -0.315673828125, -0.25927734375, -0.2030029296875, -0.146728515625, -0.09051513671875, -0.03424072265625, 0.02203369140625, 0.07830810546875, 0.134521484375, 0.1907958984375, 0.2470703125, 0.303466796875, 0.359619140625, 0.416015625, 0.47216796875]}, "epoch": 249, "_runtime": 886, "_timestamp": 1645144387, "_step": 800, "train_loss": 2.00341796875, "train_accuracy": 0.22499999403953552, "trainer/global_step": 11999, "val_loss": 2.0239500999450684, "val_accuracy": 0.2257217913866043, "_wandb": {"runtime": 887}}