{"valid/logits": {"_type": "histogram", "values": [1, 7, 10, 18, 22, 40, 50, 62, 57, 62, 94, 85, 78, 76, 76, 95, 135, 142, 151, 151, 162, 212, 233, 253, 244, 250, 258, 260, 258, 268, 254, 246, 232, 218, 234, 172, 155, 144, 127, 112, 104, 91, 67, 63, 58, 54, 69, 57, 50, 50, 52, 53, 66, 55, 55, 57, 40, 35, 29, 17, 10, 10, 8, 4], "bins": [-10.6953125, -10.3515625, -10.0078125, -9.6640625, -9.3203125, -8.9765625, -8.6328125, -8.2890625, -7.9453125, -7.6015625, -7.2578125, -6.9140625, -6.5703125, -6.2265625, -5.8828125, -5.5390625, -5.1953125, -4.85546875, -4.51171875, -4.16796875, -3.822265625, -3.478515625, -3.134765625, -2.791015625, -2.44921875, -2.10546875, -1.7607421875, -1.4169921875, -1.07421875, -0.72998046875, -0.386474609375, -0.0428466796875, 0.30078125, 0.64453125, 0.98828125, 1.33203125, 1.67578125, 2.01953125, 2.36328125, 2.70703125, 3.05078125, 3.392578125, 3.736328125, 4.08203125, 4.42578125, 4.76953125, 5.11328125, 5.45703125, 5.796875, 6.140625, 6.484375, 6.828125, 7.171875, 7.515625, 7.859375, 8.203125, 8.546875, 8.890625, 9.234375, 9.578125, 9.921875, 10.265625, 10.609375, 10.953125, 11.296875]}, "epoch": 249, "_runtime": 900, "_timestamp": 1645152551, "_step": 800, "train_loss": 0.08042935281991959, "train_accuracy": 0.9750000238418579, "trainer/global_step": 11999, "val_loss": 0.6866360306739807, "val_accuracy": 0.8044619560241699, "_wandb": {"runtime": 900}}