{"valid/logits": {"_type": "histogram", "values": [3, 0, 4, 3, 2, 5, 10, 12, 15, 8, 9, 16, 15, 13, 26, 26, 22, 23, 28, 37, 53, 55, 54, 74, 106, 122, 139, 188, 199, 297, 308, 295, 320, 368, 364, 352, 365, 367, 347, 303, 255, 233, 184, 120, 132, 114, 86, 71, 93, 77, 62, 69, 59, 75, 72, 65, 38, 37, 33, 19, 7, 1, 1, 2], "bins": [-24.109375, -23.53125, -22.953125, -22.375, -21.78125, -21.203125, -20.625, -20.046875, -19.46875, -18.890625, -18.3125, -17.71875, -17.140625, -16.5625, -15.984375, -15.40625, -14.828125, -14.2421875, -13.6640625, -13.0859375, -12.5, -11.921875, -11.34375, -10.765625, -10.1796875, -9.6015625, -9.0234375, -8.4375, -7.859375, -7.28125, -6.69921875, -6.12109375, -5.5390625, -4.95703125, -4.37890625, -3.798828125, -3.21875, -2.63671875, -2.056640625, -1.4765625, -0.896484375, -0.316162109375, 0.26416015625, 0.8447265625, 1.4248046875, 2.005859375, 2.5859375, 3.166015625, 3.74609375, 4.328125, 4.90625, 5.48828125, 6.06640625, 6.6484375, 7.2265625, 7.80859375, 8.390625, 8.96875, 9.546875, 10.1328125, 10.7109375, 11.2890625, 11.8671875, 12.453125, 13.03125]}, "epoch": 249, "_runtime": 599, "_timestamp": 1645146788, "_step": 800, "train_loss": 0.08634604513645172, "train_accuracy": 0.9750000238418579, "trainer/global_step": 11999, "val_loss": 0.9885556101799011, "val_accuracy": 0.778215229511261, "_wandb": {"runtime": 599}}