{"valid/logits": {"_type": "histogram", "values": [6, 10, 16, 20, 31, 48, 72, 75, 75, 66, 51, 62, 62, 62, 117, 127, 150, 208, 195, 190, 195, 213, 198, 215, 246, 228, 268, 266, 282, 274, 238, 219, 234, 216, 199, 169, 154, 125, 107, 88, 91, 79, 65, 70, 71, 63, 54, 46, 56, 38, 59, 53, 44, 46, 35, 36, 43, 43, 29, 18, 10, 15, 10, 7], "bins": [-9.9140625, -9.5859375, -9.2578125, -8.9296875, -8.6015625, -8.2734375, -7.94140625, -7.61328125, -7.28515625, -6.95703125, -6.625, -6.296875, -5.96875, -5.640625, -5.3125, -4.984375, -4.65625, -4.32421875, -3.99609375, -3.66796875, -3.33984375, -3.009765625, -2.681640625, -2.353515625, -2.0234375, -1.6953125, -1.3671875, -1.0380859375, -0.70947265625, -0.380859375, -0.052001953125, 0.27685546875, 0.60546875, 0.93408203125, 1.2626953125, 1.591796875, 1.919921875, 2.25, 2.578125, 2.90625, 3.234375, 3.564453125, 3.892578125, 4.22265625, 4.55078125, 4.87890625, 5.20703125, 5.53515625, 5.8671875, 6.1953125, 6.5234375, 6.8515625, 7.1796875, 7.5078125, 7.8359375, 8.1640625, 8.4921875, 8.8203125, 9.15625, 9.484375, 9.8125, 10.140625, 10.46875, 10.796875, 11.125]}, "epoch": 249, "_runtime": 894, "_timestamp": 1645151135, "_step": 800, "train_loss": 0.12110240757465363, "train_accuracy": 0.9750000238418579, "trainer/global_step": 11999, "val_loss": 0.7704912424087524, "val_accuracy": 0.7716535329818726, "_wandb": {"runtime": 894}}