{"valid/logits": {"_type": "histogram", "values": [762, 0, 0, 0, 0, 0, 0, 0, 0, 0, 0, 0, 0, 0, 0, 0, 0, 0, 0, 0, 0, 0, 0, 0, 0, 0, 0, 0, 0, 0, 0, 0, 0, 0, 0, 0, 0, 0, 0, 762, 0, 0, 0, 0, 0, 0, 1524, 0, 0, 0, 762, 0, 0, 0, 0, 0, 0, 0, 0, 1524, 0, 0, 0, 1524], "bins": [-3.078125, -3.021484375, -2.96484375, -2.91015625, -2.853515625, -2.796875, -2.740234375, -2.685546875, -2.62890625, -2.572265625, -2.515625, -2.458984375, -2.404296875, -2.34765625, -2.291015625, -2.234375, -2.1796875, -2.123046875, -2.06640625, -2.009765625, -1.9541015625, -1.8984375, -1.841796875, -1.78515625, -1.7294921875, -1.6728515625, -1.6171875, -1.560546875, -1.5048828125, -1.4482421875, -1.392578125, -1.3359375, -1.279296875, -1.2236328125, -1.1669921875, -1.111328125, -1.0546875, -0.9990234375, -0.9423828125, -0.88623046875, -0.830078125, -0.77392578125, -0.7177734375, -0.66162109375, -0.60546875, -0.54931640625, -0.492919921875, -0.436767578125, -0.380615234375, -0.324462890625, -0.268310546875, -0.2120361328125, -0.15576171875, -0.099609375, -0.043426513671875, 0.0127716064453125, 0.0689697265625, 0.1251220703125, 0.181396484375, 0.237548828125, 0.293701171875, 0.349853515625, 0.40625, 0.46240234375, 0.5185546875]}, "epoch": 249, "_runtime": 891, "_timestamp": 1645143491, "_step": 800, "train_loss": 2.0024170875549316, "train_accuracy": 0.22499999403953552, "trainer/global_step": 11999, "val_loss": 2.0242526531219482, "val_accuracy": 0.18503937125205994, "_wandb": {"runtime": 891}}