{"valid/logits": {"_type": "histogram", "values": [8, 40, 75, 189, 256, 270, 311, 311, 303, 258, 380, 495, 528, 451, 452, 409, 445, 621, 720, 748, 724, 843, 932, 1121, 1250, 1259, 1249, 1259, 1351, 1297, 1448, 1392, 1177, 1017, 911, 886, 920, 784, 693, 690, 529, 456, 408, 361, 315, 286, 326, 305, 317, 309, 315, 306, 279, 343, 373, 316, 145, 35, 16, 17, 12, 15, 24, 9], "bins": [-10.5859375, -10.2421875, -9.8984375, -9.546875, -9.203125, -8.859375, -8.515625, -8.171875, -7.82421875, -7.48046875, -7.13671875, -6.7890625, -6.4453125, -6.1015625, -5.75390625, -5.41015625, -5.0625, -4.71875, -4.375, -4.02734375, -3.68359375, -3.33984375, -2.994140625, -2.6484375, -2.3046875, -1.958984375, -1.61328125, -1.2685546875, -0.92333984375, -0.578125, -0.233154296875, 0.1119384765625, 0.45703125, 0.80224609375, 1.1474609375, 1.4921875, 1.837890625, 2.181640625, 2.52734375, 2.873046875, 3.21875, 3.5625, 3.908203125, 4.25390625, 4.59765625, 4.94140625, 5.2890625, 5.6328125, 5.9765625, 6.32421875, 6.66796875, 7.015625, 7.359375, 7.703125, 8.046875, 8.390625, 8.7421875, 9.0859375, 9.4296875, 9.7734375, 10.1171875, 10.4609375, 10.8125, 11.15625, 11.5]}, "epoch": 249, "_runtime": 1576, "_timestamp": 1645228315, "_step": 875, "train_loss": 0.22853340208530426, "train_accuracy": 0.8823529481887817, "trainer/global_step": 14999, "val_loss": 0.3159320652484894, "val_accuracy": 0.8860892653465271, "_wandb": {"runtime": 1577}}