{"valid/logits": {"_type": "histogram", "values": [3, 2, 2, 4, 4, 9, 11, 11, 20, 15, 15, 24, 33, 38, 40, 37, 35, 45, 29, 56, 52, 74, 75, 87, 107, 148, 154, 185, 214, 263, 271, 305, 349, 412, 397, 357, 335, 312, 323, 250, 226, 186, 147, 141, 112, 89, 100, 95, 78, 84, 91, 85, 69, 53, 43, 35, 34, 27, 21, 16, 7, 8, 6, 2], "bins": [-23.609375, -23.03125, -22.46875, -21.890625, -21.3125, -20.75, -20.171875, -19.59375, -19.03125, -18.453125, -17.890625, -17.3125, -16.734375, -16.171875, -15.59375, -15.0234375, -14.4453125, -13.875, -13.3046875, -12.7265625, -12.15625, -11.5859375, -11.0078125, -10.4375, -9.8671875, -9.296875, -8.71875, -8.1484375, -7.57421875, -7.00390625, -6.4296875, -5.859375, -5.28515625, -4.7109375, -4.140625, -3.56640625, -2.994140625, -2.421875, -1.849609375, -1.2763671875, -0.7041015625, -0.1314697265625, 0.441162109375, 1.013671875, 1.5859375, 2.158203125, 2.732421875, 3.3046875, 3.876953125, 4.44921875, 5.0234375, 5.59375, 6.16796875, 6.73828125, 7.3125, 7.88671875, 8.4609375, 9.03125, 9.6015625, 10.1796875, 10.75, 11.3203125, 11.890625, 12.46875, 13.0390625]}, "epoch": 249, "_runtime": 656, "_timestamp": 1645147728, "_step": 800, "train_loss": 0.055283088237047195, "train_accuracy": 1.0, "trainer/global_step": 11999, "val_loss": 1.1590919494628906, "val_accuracy": 0.7322834730148315, "_wandb": {"runtime": 657}}