{"valid/logits": {"_type": "histogram", "values": [1, 0, 1, 0, 2, 2, 2, 7, 10, 12, 11, 17, 24, 18, 22, 41, 39, 55, 80, 76, 133, 141, 165, 177, 177, 186, 225, 243, 288, 287, 348, 390, 397, 408, 326, 296, 306, 237, 201, 164, 157, 135, 133, 115, 80, 82, 77, 90, 76, 74, 80, 53, 54, 47, 33, 15, 14, 10, 5, 3, 6, 1, 2, 1], "bins": [-22.390625, -21.8125, -21.234375, -20.65625, -20.078125, -19.5, -18.921875, -18.34375, -17.765625, -17.1875, -16.609375, -16.03125, -15.453125, -14.875, -14.296875, -13.71875, -13.140625, -12.5625, -11.984375, -11.40625, -10.828125, -10.25, -9.671875, -9.09375, -8.515625, -7.93359375, -7.35546875, -6.77734375, -6.19921875, -5.62109375, -5.04296875, -4.46484375, -3.88671875, -3.30859375, -2.73046875, -2.15234375, -1.57421875, -0.99560546875, -0.417236328125, 0.1610107421875, 0.7392578125, 1.3173828125, 1.8955078125, 2.474609375, 3.052734375, 3.630859375, 4.20703125, 4.78515625, 5.3671875, 5.9453125, 6.5234375, 7.1015625, 7.6796875, 8.2578125, 8.8359375, 9.4140625, 9.9921875, 10.5703125, 11.1484375, 11.7265625, 12.3046875, 12.8828125, 13.4609375, 14.0390625, 14.6171875]}, "epoch": 249, "_runtime": 612, "_timestamp": 1645150154, "_step": 800, "train_loss": 0.04390747472643852, "train_accuracy": 1.0, "trainer/global_step": 11999, "val_loss": 1.0021926164627075, "val_accuracy": 0.7742782235145569, "_wandb": {"runtime": 613}}